name,mid,,,Response Time
Aaron Eckhart,58559,,,164 msec
Adam Kalesperis,58559,,,
Aidan Feore,58559,,,
Andrew Bicknell,58559,,,
Andy Luther,58559,,,
Anthony Michael Hall,58559,,,
Ariyon Bakare,58559,,,
Beatrice Rosen,58559,,,
Bill Smille,58559,,,
Brandon Lambdin,58559,,,
Bronson Webb,58559,,,
Chin Han,58559,,,
Christian Bale,58559,,,
Chucky Venn,58559,,,
Cillian Murphy,58559,,,
Colin McFarlane,58559,,,
Craig Heaney,58559,,,
Crhis Perschler,58559,,,
Dale RIvera,58559,,,
Daryl Satcher,58559,,,
David Dastmalchian,58559,,,
Doug Ballard,58559,,,
Edison Chen,58559,,,
Eric Roberts,58559,,,
Erik Hellman,58559,,,
Gary Oldman,58559,,,
Gertrude Kyles,58559,,,
Grahame Edwards,58559,,,
Greg Beam,58559,,,
Hannah Gunn,58559,,,
Heath Ledger,58559,,,
Helene Wilson,58559,,,
Ian Pirie,58559,,,
James Farruggio,58559,,,
James Fierro,58559,,,
James Scales,58559,,,
Jennifer Knox,58559,,,
Jonathan Ryland,58559,,,
Joseph Luis Caballero,58559,,,
Joshua Harto,58559,,,
Joshua Rollins,58559,,,
Keith Kupferer,58559,,,
K. Todd Freeman,58559,,,
Lanny Lutz,58559,,,
Lateef Lovejoy,58559,,,
Lorna Gayle,58559,,,
Maggie Gyllenhaal,58559,,,
Matthew Leitch,58559,,,
Matthew O'Neill,58559,,,
Matt Rippy,58559,,,
Matt Shallenberger,58559,,,
Melinda McGraw,58559,,,
Michael Andrew Gorman,58559,,,
Michael Caine,58559,,,
Michael Corey Foster,58559,,,
Michael Jai White,58559,,,
Michael Stoyanov,58559,,,
Michael Vieau,58559,,,
Monique Curnen,58559,,,
Morgan Freeman,58559,,,
Nancy Crane,58559,,,
Nathan Gamble,58559,,,
Nestor Carbonell,58559,,,
Nigel Carrington,58559,,,
Nydia Rodriguez Terracina,58559,,,
Olumiji Olawumi,58559,,,
Patrick Clear,58559,,,
Paul Birchard,58559,,,
Peter DeFaria,58559,,,
Philip Bulcock,58559,,,
Richard Dillane,58559,,,
Ritchie Coster,58559,,,
Roger Monk,58559,,,
Ronan Summers,58559,,,
Ron Dean,58559,,,
Sam Derence,58559,,,
Sarah Jayne Dunn,58559,,,
Sophia Hinshelwood,58559,,,
Thomas Gaitsch,58559,,,
Thomas McElroy,58559,,,
Tommy Campbell,58559,,,
Tommy 'Tiny' Lister,58559,,,
Tristan Tait,58559,,,
Vincent Riotta,58559,,,
Vincenzo Nicoli,58559,,,
Wai Wong,58559,,,
Walter Lewis,58559,,,
William Armstrong,58559,,,
William Fichtner,58559,,,
Will Zahrn,58559,,,
Winston Ellis,58559,,,
