name,,query time
Allisyn Ashley Arm,,118ms
Richard Cerenzio,,
Jane Altman,,
Solomon Singer,,
Nickolay Khazanov,,
Jillian A. Schmitz,,
Floyd Levine,,
Cecilio Moctezuma,,
Amy Montminy,,
Abbey Lerman,,
Shawn Christian,,
Denise Zadroga,,
David 'Goldy' Goldsmith,,
Richard O'Rourke,,
Megan Tropea,,
Maria Levinstein,,
Jordan Bridges,,
Katherine Reilly,,
Scott Levine,,
Kristen Connolly,,
Brian Huskey,,
Joel Palmer,,
Julie Wagner,,
Julia Stiles,,
Janine Edwards,,
Janine Barris,,
Daniel Ponickly,,
Katherine Argo,,
Charles Guardino,,
Rob Moran,,
Kirsten Dunst,,
Maja Walpvszyl,,
Brad Wilson,,
Lily Lodge,,
Judah Friedlander,,
Mary S. Pascoe,,
Jennifer H. Anderson,,
Stephanie Venditto,,
Nikki Coble,,
Megan Marie Ford,,
William Penick,,
Miguel A. Núñez Jr.,,
Kimberly Ehly,,
Tony Scheppler,,
Annika Marks,,
Lauren Adler,,
Ed Helms,,
Lindsey White,,
Michael Choi,,
Kristyn Coppola,,
Kevin Osborne,,
James Michael Connor,,
Amanda Gruss,,
Rony Clanton,,
Kirstie Bingham,,
Philip Pavel,,
Noelle Gibson,,
Lou Brock,,
Brad Mehldau,,
Marc Blucas,,
Jennifer Bowen,,
Devon Jencks,,
Mel Cowan,,
Richard Jones,,
Topher Grace,,
Terence Rigby,,
Dorothy Dwyer,,
Chuck Montgomery,,
Charles Techman,,
Jerry Jordan,,
John Scurti,,
Dominic West,,
Adam Tomei,,
Alex Berg,,
Virgil E. Carter,,
Taylor Roberts,,
Juliet Stevenson,,
Smith Cho,,
Eddie Murphy,,
Leslie Lyles,,
Jennie Eisenhower,,
Mike O'Malley,,
Marcia Gay Harden,,
John Slattery,,
Emily Bauer,,
Jackie Sanders,,
Scott Caan,,
Nicole Frydman,,
James Callahan,,
Mark Rangel,,
Maggie Gyllenhaal,,
Maria Vicens Girau,,
Carrie Ann Kaye,,
Canedy Knowles,,
Stella Hao,,
Dan Weltner,,
Michael Langston,,
Yvette Nicole Brown,,
Monica Flores,,
Michele Hillen,,
Kim Villanueva,,
Paul Vincent Black,,
Asako Takasue,,
Elise Passamani,,
Ed Peed,,
Lily Rabe,,
Ebon Moss-Bachrach,,
Claire Angelique,,
Roger E. Reid,,
Michael Winther,,
Krysten Ritter,,
Kellydawn Malloy,,
Miles Robbins,,
Rashida Roy,,
Phaedra Nelson,,
Christopher Bonomo,,
Brandon Molale,,
Craig Gellis,,
Peter J. Rowan,,
Kate Glass,,
Gabriel Vaughan,,
Brandy Tipton,,
Richie Allan,,
Nadia Kravets,,
Melanie Angelique Moyer,,
Melissa Deles,,
Sarah Billings Wheeler,,
Yung-I Chang,,
Christian Perry,,
Elizabeth Banks,,
Sid Grant,,
Madeleine Hackney,,
Donna Mitchell,,
Liliane Thomas,,
Aleksa Palladino,,
Tim Sitarz,,
Marian Seldes,,
Daisy Baldwin,,
Makoto Tanaka,,
Walker Hays,,
Nick Berman,,
Emily R. See,,
Erin E. Richardson,,
Julia Roberts,,
June Miller,,
Shelby Bond,,
Kevin Hart,,
John D. Fowler,,
Brandon Vega,,
The Naked Cowboy,,
Chris Burke,,
Natalie Gomez,,
Lance Olds,,
Betina Hershey,,
John Gatins,,
Paul Scheer,,
"Aakomon ""AJ"" Jones",,
Larry Grenadier,,
Lauren Fruchter,,
Tori Amos,,
Jane Bradbury,,
Laura Allen,,
Rob Buntzen,,
Kristen Marie Holly,,
Jim Turner,,
Boni Yanagisawa,,
Yuval Hod,,
Trisha Trokan,,
Justin Robbins,,
Laura M. Flahive,,
Lisa Roberts Gillan,,
Pat Kilbane,,
Hannah Feldner-Shaw,,
Ginnifer Goodwin,,
Becky Veduccio,,
Christopher Braden Jones,,
Austyn Lind Myers,,
Gabrielle Union,,
