name,query time
"Aakomon ""AJ"" Jones",178ms
Abbey Lerman,
Adam Tomei,
Aleksa Palladino,
Alex Berg,
Allisyn Ashley Arm,
Amanda Gruss,
Amy Montminy,
Annika Marks,
Asako Takasue,
Austyn Lind Myers,
Becky Veduccio,
Betina Hershey,
Boni Yanagisawa,
Brad Mehldau,
Brad Wilson,
Brandon Molale,
Brandon Vega,
Brandy Tipton,
Brian Huskey,
Canedy Knowles,
Carrie Ann Kaye,
Cecilio Moctezuma,
Charles Guardino,
Charles Techman,
Chris Burke,
Christian Perry,
Christopher Bonomo,
Christopher Braden Jones,
Chuck Montgomery,
Claire Angelique,
Craig Gellis,
Daisy Baldwin,
Daniel Ponickly,
Dan Weltner,
David 'Goldy' Goldsmith,
Denise Zadroga,
Devon Jencks,
Dominic West,
Donna Mitchell,
Dorothy Dwyer,
Ebon Moss-Bachrach,
Eddie Murphy,
Ed Helms,
Ed Peed,
Elise Passamani,
Elizabeth Banks,
Emily Bauer,
Emily R. See,
Erin E. Richardson,
Floyd Levine,
Gabrielle Union,
Gabriel Vaughan,
Ginnifer Goodwin,
Hannah Feldner-Shaw,
Jackie Sanders,
James Callahan,
James Michael Connor,
Jane Altman,
Jane Bradbury,
Janine Barris,
Janine Edwards,
Jennie Eisenhower,
Jennifer Bowen,
Jennifer H. Anderson,
Jerry Jordan,
Jillian A. Schmitz,
Jim Turner,
Joel Palmer,
John D. Fowler,
John Gatins,
John Scurti,
John Slattery,
Jordan Bridges,
Judah Friedlander,
Julia Roberts,
Julia Stiles,
Juliet Stevenson,
Julie Wagner,
June Miller,
Justin Robbins,
Kate Glass,
Katherine Argo,
Katherine Reilly,
Kellydawn Malloy,
Kevin Hart,
Kevin Osborne,
Kimberly Ehly,
Kim Villanueva,
Kirsten Dunst,
Kirstie Bingham,
Kristen Connolly,
Kristen Marie Holly,
Kristyn Coppola,
Krysten Ritter,
Lance Olds,
Larry Grenadier,
Laura Allen,
Laura M. Flahive,
Lauren Adler,
Lauren Fruchter,
Leslie Lyles,
Liliane Thomas,
Lily Lodge,
Lily Rabe,
Lindsey White,
Lisa Roberts Gillan,
Lou Brock,
Madeleine Hackney,
Maggie Gyllenhaal,
Maja Walpvszyl,
Makoto Tanaka,
Marc Blucas,
Marcia Gay Harden,
Maria Levinstein,
Marian Seldes,
Maria Vicens Girau,
Mark Rangel,
Mary S. Pascoe,
Megan Marie Ford,
Megan Tropea,
Melanie Angelique Moyer,
Mel Cowan,
Melissa Deles,
Michael Choi,
Michael Langston,
Michael Winther,
Michele Hillen,
Miguel A. Núñez Jr.,
Mike O'Malley,
Miles Robbins,
Monica Flores,
Nadia Kravets,
Natalie Gomez,
Nick Berman,
Nickolay Khazanov,
Nicole Frydman,
Nikki Coble,
Noelle Gibson,
Pat Kilbane,
Paul Scheer,
Paul Vincent Black,
Peter J. Rowan,
Phaedra Nelson,
Philip Pavel,
Rashida Roy,
Richard Cerenzio,
Richard Jones,
Richard O'Rourke,
Richie Allan,
Rob Buntzen,
Rob Moran,
Roger E. Reid,
Rony Clanton,
Sarah Billings Wheeler,
Scott Caan,
Scott Levine,
Shawn Christian,
Shelby Bond,
Sid Grant,
Smith Cho,
Solomon Singer,
Stella Hao,
Stephanie Venditto,
Taylor Roberts,
Terence Rigby,
The Naked Cowboy,
Tim Sitarz,
Tony Scheppler,
Topher Grace,
Tori Amos,
Trisha Trokan,
Virgil E. Carter,
Walker Hays,
William Penick,
Yung-I Chang,
Yuval Hod,
Yvette Nicole Brown,
